{
    "accuracy": 1.0,
    "precision": 1.0,
    "recall": 1.0,
    "f1": 1.0,
    "roc_auc": 1.0,
    "pr_auc": 1.0,
    "roc_curve": {
        "fpr": [
            0.0,
            0.0,
            0.0,
            1.0
        ],
        "tpr": [
            0.0,
            0.045454545454545456,
            1.0,
            1.0
        ]
    },
    "pr_curve": {
        "precision": [
            0.55,
            0.5641025641025641,
            0.5789473684210527,
            0.5945945945945946,
            0.6111111111111112,
            0.6285714285714286,
            0.6470588235294118,
            0.6666666666666666,
            0.6875,
            0.7096774193548387,
            0.7333333333333333,
            0.7586206896551724,
            0.7857142857142857,
            0.8148148148148148,
            0.8461538461538461,
            0.88,
            0.9166666666666666,
            0.9565217391304348,
            1.0,
            1.0,
            1.0,
            1.0,
            1.0,
            1.0,
            1.0,
            1.0,
            1.0,
            1.0,
            1.0,
            1.0,
            1.0,
            1.0,
            1.0,
            1.0,
            1.0,
            1.0,
            1.0,
            1.0,
            1.0,
            1.0,
            1.0
        ],
        "recall": [
            1.0,
            1.0,
            1.0,
            1.0,
            1.0,
            1.0,
            1.0,
            1.0,
            1.0,
            1.0,
            1.0,
            1.0,
            1.0,
            1.0,
            1.0,
            1.0,
            1.0,
            1.0,
            1.0,
            0.9545454545454546,
            0.9090909090909091,
            0.8636363636363636,
            0.8181818181818182,
            0.7727272727272727,
            0.7272727272727273,
            0.6818181818181818,
            0.6363636363636364,
            0.5909090909090909,
            0.5454545454545454,
            0.5,
            0.45454545454545453,
            0.4090909090909091,
            0.36363636363636365,
            0.3181818181818182,
            0.2727272727272727,
            0.22727272727272727,
            0.18181818181818182,
            0.13636363636363635,
            0.09090909090909091,
            0.045454545454545456,
            0.0
        ]
    },
    "cv_mean": {
        "accuracy_mean": 0.975,
        "precision_mean": 0.9773809523809524,
        "recall_mean": 0.9752525252525253,
        "f1_mean": 0.9747604401088277,
        "roc_auc_mean": 0.9939393939393939,
        "pr_auc_mean": 0.9959181967457831
    },
    "cv_std": {
        "accuracy_std": 0.031622776601683784,
        "precision_std": 0.029257632684391684,
        "recall_std": 0.030571203940245553,
        "f1_std": 0.03182224066116412,
        "roc_auc_std": 0.01212121212121211,
        "pr_auc_std": 0.008163606508434108
    },
    "confusion_matrix": [
        [
            18,
            0
        ],
        [
            0,
            22
        ]
    ],
    "feature_importance": [
        {
            "name": "x1",
            "importance": 2.8799671634163215
        },
        {
            "name": "x2",
            "importance": 3.2855535900218316
        }
    ],
    "learning_curve": {
        "train_sizes": [
            13,
            43,
            73,
            103,
            133
        ],
        "train_scores_mean": [
            0.8974358974358975,
            0.9612403100775193,
            0.9680365296803654,
            0.9773462783171522,
            0.9799498746867168
        ],
        "test_scores_mean": [
            0.8549675863108699,
            0.8900195989748229,
            0.9499472335293232,
            0.959897482285542,
            0.9800995024875622
        ]
    },
    "shap_summary": [
        {
            "name": "x1",
            "mean_abs_shap": 2.3996139727733348
        },
        {
            "name": "x2",
            "mean_abs_shap": 2.7050724149926166
        }
    ]
}